SurveyID,DateTime,Latitude,Longitude,Accuracy_m,NumberOfEggMasses,SpeciesCode,EggMassSubstrate,Comments
Big + Deep Connected_2022-03-22_1,2022-03-22 14:05:00,47.398662,-121.893073,10,2,PSRE,ReedCanaryGrass,
Big + Deep Connected_2022-03-22_1,2022-03-22 14:09:00,47.398678,-121.89308,10,1,PSRE,ReedCanaryGrass,
Big + Deep Connected_2022-03-22_1,2022-03-22 14:09:00,47.398545,-121.892955,10,2,PSRE,ReedCanaryGrass,
Big + Deep Connected_2022-03-22_1,2022-03-22 14:12:00,47.398498,-121.892753,10,11,PSRE,ReedCanaryGrass,
Big + Deep Connected_2022-03-22_1,2022-03-22 14:19:00,47.39854,-121.892732,5,4,PSRE,ReedCanaryGrass,Real camera
Big + Deep Connected_2022-03-22_1,2022-03-22 14:24:00,47.398557,-121.892697,5,1,PSRE,ReedCanaryGrass,Real camera
Big + Deep Connected_2022-03-22_1,2022-03-22 14:27:00,47.398573,-121.892677,10,1,PSRE,ReedCanaryGrass,
Big + Deep Connected_2022-03-22_1,2022-03-22 14:28:00,47.398577,-121.892673,5,2,PSRE,ReedCanaryGrass,
Big + Deep Connected_2022-03-22_1,2022-03-22 14:32:00,47.398605,-121.892645,5,1,PSRE,ReedCanaryGrass,Real camera
Big + Deep Connected_2022-03-22_1,2022-03-22 14:34:00,47.398618,-121.892632,5,2,PSRE,ReedCanaryGrass,Real camera
Big + Deep Connected_2022-03-22_1,2022-03-22 14:36:00,47.398633,-121.892605,5,1,PSRE,ReedCanaryGrass,
Big + Deep Connected_2022-03-22_1,2022-03-22 14:39:00,47.398645,-121.892603,5,1,PSRE,ReedCanaryGrass,Real camera
Big + Deep Connected_2022-03-22_1,2022-03-22 14:42:00,47.398615,-121.892552,5,6,PSRE,ReedCanaryGrass,Real camera
Big + Deep Connected_2022-03-22_1,2022-03-22 14:43:00,47.39854,-121.892432,5,3,PSRE,ReedCanaryGrass,
Big + Deep Connected_2022-03-22_1,2022-03-22 14:44:00,47.398558,-121.89236,5,1,PSRE,Twig,
Big + Deep Connected_2022-03-22_1,2022-03-22 14:45:00,47.398567,-121.892285,10,2,PSRE,ReedCanaryGrass,
Big + Deep Connected_2022-03-22_1,2022-03-22 14:46:00,47.398622,-121.892333,10,3,PSRE,ReedCanaryGrass,
Big + Deep Connected_2022-03-22_1,2022-03-22 14:47:00,47.398638,-121.892347,5,2,PSRE,ReedCanaryGrass,
Big + Deep Connected_2022-03-22_1,2022-03-22 14:47:00,47.398635,-121.892347,5,1,PSRE,ReedCanaryGrass,
Big + Deep Connected_2022-03-22_1,2022-03-22 14:48:00,47.39863,-121.892343,5,1,PSRE,ReedCanaryGrass,
Big + Deep Connected_2022-03-22_1,2022-03-22 14:48:00,47.398628,-121.892343,5,2,PSRE,ReedCanaryGrass,
Big + Deep Connected_2022-03-22_1,2022-03-22 14:50:00,47.39862,-121.892323,5,2,PSRE,ReedCanaryGrass,
Big + Deep Connected_2022-03-22_1,2022-03-22 14:51:00,47.398618,-121.892313,5,1,PSRE,ReedCanaryGrass,
Big + Deep Connected_2022-03-22_1,2022-03-22 14:51:00,47.398454,-121.89224,5,1,PSRE,ReedCanaryGrass,
Big + Deep Connected_2022-03-22_1,2022-03-22 14:56:00,47.398607,-121.892227,5,3,RAAU,Other vegetation,Sighted from shore. Deep and really hard to see.
Big + Deep Connected_2022-03-22_1,2022-03-22 14:57:00,47.398598,-121.8922,10,6,RAAU,Other vegetation,Hard to see
Big + Deep Connected_2022-03-22_1,2022-03-22 14:57:00,47.398592,-121.89218,5,4,RAAU,Other vegetation,
Big + Deep Connected_2022-03-22_1,2022-03-22 14:59:00,47.398583,-121.892157,5,4,RAAU,Other vegetation,
Big + Deep Connected_2022-03-22_1,2022-03-22 15:05:00,47.398568,-121.892045,5,6,AMGR,TreeBranch,
Big + Deep Connected_2022-03-22_1,2022-03-22 15:05:00,47.398567,-121.892037,5,1,RAAU,TreeBranch,
Big + Deep Connected_2022-03-22_1,2022-03-22 15:05:00,47.398567,-121.892035,5,1,RAAU,ReedCanaryGrass,
Big + Deep Connected_2022-03-22_1,2022-03-22 15:07:00,47.398562,-121.89202,10,1,PSRE,ReedCanaryGrass,
Big + Deep Connected_2022-03-22_1,2022-03-22 15:07:00,47.398555,-121.892008,5,1,PSRE,ReedCanaryGrass,
Big + Deep Connected_2022-03-22_1,2022-03-22 15:11:00,47.398235,-121.891222,5,10,RAAU,Other vegetation,Far out hard to see
Big + Deep Connected_2022-03-22_1,2022-03-22 15:12:00,47.398183,-121.890753,5,2,RAAU,Other vegetation,
Big + Deep Connected_2022-03-22_1,2022-03-22 15:12:00,47.398208,-121.890735,5,1,PSRE,ReedCanaryGrass,
Big + Deep Connected_2022-03-22_1,2022-03-22 15:13:00,47.398223,-121.89073,5,1,PSRE,ReedCanaryGrass,
Big + Deep Connected_2022-03-22_1,2022-03-22 15:17:00,47.398485,-121.890852,10,2,PSRE,ReedCanaryGrass,
Big + Deep Connected_2022-03-22_1,2022-03-22 15:18:00,47.398553,-121.890862,10,1,RAAU,Other vegetation,Hard to see
Big + Deep Connected_2022-03-22_1,2022-03-22 15:20:00,47.398547,-121.890922,10,1,PSRE,ReedCanaryGrass,
Big + Deep Connected_2022-03-22_1,2022-03-22 15:20:00,47.398798,-121.89101,10,1,PSRE,ReedCanaryGrass,
Big + Deep Connected_2022-03-22_1,2022-03-22 15:21:00,47.398822,-121.89098,10,1,PSRE,Other vegetation,
Big + Deep Connected_2022-03-22_1,2022-03-22 15:22:00,47.39884,-121.89114,10,1,PSRE,ReedCanaryGrass,
Big + Deep Connected_2022-03-22_1,2022-03-22 15:22:00,47.398813,-121.891077,10,1,PSRE,ReedCanaryGrass,
Big + Deep Connected_2022-03-22_1,2022-03-22 15:23:00,47.39881,-121.891023,10,1,PSRE,ReedCanaryGrass,
Big + Deep Connected_2022-03-22_1,2022-03-22 15:24:00,47.398962,-121.890543,5,1,PSRE,ReedCanaryGrass,
Big + Deep Connected_2022-03-22_1,2022-03-22 15:24:00,47.39906,-121.890623,5,1,PSRE,ReedCanaryGrass,
Big + Deep Connected_2022-03-22_1,2022-03-22 15:26:00,47.398955,-121.890338,10,2,PSRE,ReedCanaryGrass,
Big + Deep Connected_2022-03-22_1,2022-03-22 15:26:00,47.398973,-121.890348,10,1,PSRE,Twig,
Big + Deep Connected_2022-03-22_1,2022-03-22 15:28:00,47.398783,-121.890307,10,2,PSRE,ReedCanaryGrass,
Big + Deep Connected_2022-03-22_1,2022-03-22 15:32:00,47.398665,-121.890258,10,4,PSRE,Twig,1 may be salamander. Pic.
Big + Deep Connected_2022-03-22_1,2022-03-22 15:32:00,47.398613,-121.890213,10,7,RAAU,Twig,
Big + Deep Connected_2022-03-22_1,2022-03-22 15:33:00,47.398642,-121.890245,10,1,RAAU,Other vegetation,
Big + Deep Connected_2022-03-22_1,2022-03-22 15:36:00,47.39853,-121.889888,10,6,RAAU,TreeBranch,
Big + Deep Connected_2022-03-22_1,2022-03-22 15:37:00,47.39848,-121.889835,10,1,PSRE,ReedCanaryGrass,Part of the duck down and skip area
Big + Deep Connected_2022-03-22_1,2022-03-22 15:41:00,47.398097,-121.889113,10,1,RAAU,Twig,
Wood Lake_2022-03-24_1,2022-03-24 14:44:00,47.397715,-121.885258,5,9,AMGR,TreeBranch,Floating log
Wood Lake_2022-03-24_1,2022-03-24 14:44:00,47.397698,-121.885337,5,1,RAAU,TreeBranch,Floating log
Wood Lake_2022-03-24_1,2022-03-24 14:45:00,47.397618,-121.885528,5,1,RAAU,TreeBranch,
Wood Lake_2022-03-24_1,2022-03-24 14:45:00,47.397643,-121.885475,5,1,AMGR,TreeBranch,
Wood Lake_2022-03-24_1,2022-03-24 14:46:00,47.397678,-121.885317,5,2,AMGR,TreeBranch,
Wood Lake_2022-03-24_1,2022-03-24 14:47:00,47.397603,-121.885373,5,1,AMGR,Twig,
Wood Lake_2022-03-24_1,2022-03-24 14:52:00,47.397425,-121.885273,5,1,AMGR,Twig,
Wood Lake_2022-03-24_1,2022-03-24 14:54:00,47.397445,-121.885235,5,1,RAAU,Twig,
Wood Lake_2022-03-24_1,2022-03-24 14:59:00,47.397242,-121.885102,5,1,AMMA,Twig,
Wood Lake_2022-03-24_1,2022-03-24 15:00:00,47.397198,-121.88508,5,1,RAAU,Twig,
Wood Lake_2022-03-24_1,2022-03-24 15:04:00,47.397107,-121.884992,5,2,RAAU,Twig,
Wood Lake_2022-03-24_1,2022-03-24 15:13:00,47.39696,-121.884893,5,2,AMGR,Twig,
Wood Lake_2022-03-24_1,2022-03-24 15:13:00,47.39697,-121.884898,5,1,RAAU,Twig,
Wood Lake_2022-03-24_1,2022-03-24 15:25:00,47.396485,-121.885563,5,1,AMGR,Twig,
Wood Lake_2022-03-24_1,2022-03-24 15:38:00,47.396897,-121.885862,5,1,AMGR,Twig,Have been in shade for a while. Spotted with flashlight
Wood Lake_2022-03-24_1,2022-03-24 15:40:00,47.396957,-121.885907,5,1,AMGR,Twig,Flashlight
Wood Lake_2022-03-24_1,2022-03-24 16:01:00,47.397567,-121.885503,5,2,AMGR,Twig,Floating log
Wood Lake_2022-03-24_1,2022-03-24 16:07:00,47.397803,-121.88544,5,1,AMGR,Twig,
Big + Deep Connected_2022-03-25_1,2022-03-25 11:51:00,47.398533,-121.893367,10,5,PSRE,ReedCanaryGrass,
Big + Deep Connected_2022-03-25_1,2022-03-25 11:54:00,47.398548,-121.893237,10,8,PSRE,ReedCanaryGrass,
Big + Deep Connected_2022-03-25_1,2022-03-25 11:56:00,47.398515,-121.893173,10,2,PSRE,ReedCanaryGrass,
Big + Deep Connected_2022-03-25_1,2022-03-25 11:57:00,47.398505,-121.893168,10,2,PSRE,ReedCanaryGrass,
Big + Deep Connected_2022-03-25_1,2022-03-25 11:59:00,47.398625,-121.893088,10,3,PSRE,ReedCanaryGrass,Real camera. Lower might be Anma?
Big + Deep Connected_2022-03-25_1,2022-03-25 12:02:00,47.39872,-121.893244,10,2,PSRE,ReedCanaryGrass,
Big + Deep Connected_2022-03-25_1,2022-03-25 12:03:00,47.398503,-121.893112,5,4,PSRE,ReedCanaryGrass,
Big + Deep Connected_2022-03-25_1,2022-03-25 12:05:00,47.3985,-121.89304,5,1,AMGR,ReedCanaryGrass,"ID difficult, not 100% sure"
Big + Deep Connected_2022-03-25_1,2022-03-25 12:07:00,47.398483,-121.892978,5,11,PSRE,ReedCanaryGrass,
Big + Deep Connected_2022-03-25_1,2022-03-25 12:09:00,47.39847,-121.892867,5,8,PSRE,ReedCanaryGrass,
Big + Deep Connected_2022-03-25_1,2022-03-25 12:09:00,47.398465,-121.892835,5,1,PSRE,ReedCanaryGrass,
Big + Deep Connected_2022-03-25_1,2022-03-25 12:10:00,47.398535,-121.892762,5,4,PSRE,ReedCanaryGrass,
Big + Deep Connected_2022-03-25_1,2022-03-25 12:11:00,47.398565,-121.89278,5,4,PSRE,ReedCanaryGrass,
Big + Deep Connected_2022-03-25_1,2022-03-25 12:12:00,47.398712,-121.893112,5,5,PSRE,ReedCanaryGrass,
Big + Deep Connected_2022-03-25_1,2022-03-25 12:12:00,47.398672,-121.892763,5,3,PSRE,ReedCanaryGrass,
Big + Deep Connected_2022-03-25_1,2022-03-25 12:13:00,47.398645,-121.892668,5,3,PSRE,ReedCanaryGrass,
Big + Deep Connected_2022-03-25_1,2022-03-25 12:14:00,47.398682,-121.89268,5,3,PSRE,ReedCanaryGrass,
Big + Deep Connected_2022-03-25_1,2022-03-25 12:15:00,47.398677,-121.892763,5,1,PSRE,ReedCanaryGrass,
Big + Deep Connected_2022-03-25_1,2022-03-25 12:16:00,47.398682,-121.892762,5,1,PSRE,ReedCanaryGrass,
Big + Deep Connected_2022-03-25_1,2022-03-25 12:17:00,47.39877,-121.892728,5,4,PSRE,ReedCanaryGrass,
Big + Deep Connected_2022-03-25_1,2022-03-25 12:17:00,47.398803,-121.892667,5,1,PSRE,ReedCanaryGrass,
Big + Deep Connected_2022-03-25_1,2022-03-25 12:18:00,47.39881,-121.892652,5,1,PSRE,ReedCanaryGrass,
Big + Deep Connected_2022-03-25_1,2022-03-25 12:18:00,47.398858,-121.892467,5,2,PSRE,ReedCanaryGrass,
Big + Deep Connected_2022-03-25_1,2022-03-25 12:20:00,47.398897,-121.892268,5,3,PSRE,ReedCanaryGrass,
Big + Deep Connected_2022-03-25_1,2022-03-25 12:20:00,47.398907,-121.892257,5,1,PSRE,ReedCanaryGrass,
Big + Deep Connected_2022-03-25_1,2022-03-25 12:21:00,47.398848,-121.89229,5,3,PSRE,ReedCanaryGrass,
Big + Deep Connected_2022-03-25_1,2022-03-25 12:24:00,47.398657,-121.892332,5,1,PSRE,ReedCanaryGrass,
Big + Deep Connected_2022-03-25_1,2022-03-25 12:25:00,47.398597,-121.892353,5,4,PSRE,ReedCanaryGrass,
Big + Deep Connected_2022-03-25_1,2022-03-25 12:26:00,47.398567,-121.892372,5,2,PSRE,ReedCanaryGrass,
Big + Deep Connected_2022-03-25_1,2022-03-25 12:26:00,47.398555,-121.892408,5,4,PSRE,ReedCanaryGrass,
Big + Deep Connected_2022-03-25_1,2022-03-25 12:27:00,47.398485,-121.89243,5,2,PSRE,ReedCanaryGrass,
Big + Deep Connected_2022-03-25_1,2022-03-25 12:28:00,47.398463,-121.89239,5,1,PSRE,ReedCanaryGrass,
Big + Deep Connected_2022-03-25_1,2022-03-25 12:29:00,47.39846,-121.892277,5,1,PSRE,ReedCanaryGrass,
Big + Deep Connected_2022-03-25_1,2022-03-25 12:30:00,47.398473,-121.89216,5,2,PSRE,ReedCanaryGrass,
Big + Deep Connected_2022-03-25_1,2022-03-25 12:30:00,47.398475,-121.892102,5,1,RAAU,ReedCanaryGrass,
Big + Deep Connected_2022-03-25_1,2022-03-25 12:31:00,47.3985,-121.892097,5,2,PSRE,ReedCanaryGrass,
Big + Deep Connected_2022-03-25_1,2022-03-25 12:32:00,47.398515,-121.892077,5,1,PSRE,ReedCanaryGrass,
Big + Deep Connected_2022-03-25_1,2022-03-25 12:35:00,47.398383,-121.891927,5,3,RAAU,Other,Light ripples from wind could be more
Big + Deep Connected_2022-03-25_1,2022-03-25 12:36:00,47.398363,-121.891862,5,1,RAAU,Other,Light ripples from wind could be more
Big + Deep Connected_2022-03-25_1,2022-03-25 12:37:00,47.398385,-121.891538,5,3,PSRE,ReedCanaryGrass,
Big + Deep Connected_2022-03-25_1,2022-03-25 12:38:00,47.398367,-121.891485,5,1,PSRE,ReedCanaryGrass,
Big + Deep Connected_2022-03-25_1,2022-03-25 12:39:00,47.398345,-121.891417,5,2,PSRE,ReedCanaryGrass,
Big + Deep Connected_2022-03-25_1,2022-03-25 12:40:00,47.39834,-121.891382,5,1,RAAU,Other vegetation,
Big + Deep Connected_2022-03-25_1,2022-03-25 12:40:00,47.398327,-121.891403,5,1,PSRE,ReedCanaryGrass,
Big + Deep Connected_2022-03-25_1,2022-03-25 12:40:00,47.398322,-121.891413,5,1,PSRE,ReedCanaryGrass,
Big + Deep Connected_2022-03-25_1,2022-03-25 12:43:00,47.398193,-121.89125,5,8,AMGR,TreeBranch,
Big + Deep Connected_2022-03-25_1,2022-03-25 12:43:00,47.398162,-121.891265,5,1,RAAU,ReedCanaryGrass,
Big + Deep Connected_2022-03-25_1,2022-03-25 12:44:00,47.39818,-121.891223,5,1,RAAU,TreeBranch,
Big + Deep Connected_2022-03-25_1,2022-03-25 12:46:00,47.398155,-121.891032,5,1,PSRE,ReedCanaryGrass,
Big + Deep Connected_2022-03-25_1,2022-03-25 12:48:00,47.398037,-121.890932,5,1,AMGR,ReedCanaryGrass,
Big + Deep Connected_2022-03-25_1,2022-03-25 12:48:00,47.398043,-121.890935,5,1,PSRE,ReedCanaryGrass,
Big + Deep Connected_2022-03-25_1,2022-03-25 12:49:00,47.398025,-121.890893,5,1,PSRE,ReedCanaryGrass,
Big + Deep Connected_2022-03-25_1,2022-03-25 12:49:00,47.398032,-121.890875,5,1,PSRE,ReedCanaryGrass,
Big + Deep Connected_2022-03-25_1,2022-03-25 12:50:00,47.398108,-121.890848,5,1,PSRE,ReedCanaryGrass,
Big + Deep Connected_2022-03-25_1,2022-03-25 12:50:00,47.398153,-121.890837,5,1,PSRE,ReedCanaryGrass,
Big + Deep Connected_2022-03-25_1,2022-03-25 12:51:00,47.398217,-121.89083,5,1,PSRE,ReedCanaryGrass,
Big + Deep Connected_2022-03-25_1,2022-03-25 12:52:00,47.398267,-121.890842,5,1,PSRE,Other vegetation,
Big + Deep Connected_2022-03-25_1,2022-03-25 12:52:00,47.398345,-121.89091,5,1,PSRE,ReedCanaryGrass,
Big + Deep Connected_2022-03-25_1,2022-03-25 13:06:00,47.398487,-121.890815,5,3,PSRE,ReedCanaryGrass,
Big + Deep Connected_2022-03-25_1,2022-03-25 13:07:00,47.398693,-121.890952,5,1,RAAU,Other vegetation,
Big + Deep Connected_2022-03-25_1,2022-03-25 13:08:00,47.398718,-121.890927,5,1,PSRE,Other vegetation,
Big + Deep Connected_2022-03-25_1,2022-03-25 13:09:00,47.398782,-121.890902,5,2,PSRE,ReedCanaryGrass,
Big + Deep Connected_2022-03-25_1,2022-03-25 13:09:00,47.398762,-121.89092,5,4,PSRE,ReedCanaryGrass,
Big + Deep Connected_2022-03-25_1,2022-03-25 13:10:00,47.398792,-121.890985,5,1,PSRE,ReedCanaryGrass,
Big + Deep Connected_2022-03-25_1,2022-03-25 13:10:00,47.398802,-121.891002,5,2,PSRE,Other vegetation,Sedge
Big + Deep Connected_2022-03-25_1,2022-03-25 13:11:00,47.398928,-121.890826,5,1,PSRE,Twig,
Big + Deep Connected_2022-03-25_1,2022-03-25 13:12:00,47.398915,-121.890959,5,1,PSRE,ReedCanaryGrass,
Big + Deep Connected_2022-03-25_1,2022-03-25 13:12:00,47.39887,-121.890773,5,1,PSRE,Other vegetation,Sedge
Big + Deep Connected_2022-03-25_1,2022-03-25 13:13:00,47.398842,-121.890698,5,1,PSRE,ReedCanaryGrass,
Big + Deep Connected_2022-03-25_1,2022-03-25 13:13:00,47.398833,-121.890687,5,1,PSRE,Twig,
Big + Deep Connected_2022-03-25_1,2022-03-25 13:13:00,47.39884,-121.890672,5,5,PSRE,ReedCanaryGrass,
Big + Deep Connected_2022-03-25_1,2022-03-25 13:15:00,47.398833,-121.890573,5,3,PSRE,ReedCanaryGrass,
Big + Deep Connected_2022-03-25_1,2022-03-25 13:16:00,47.398823,-121.890532,5,4,PSRE,ReedCanaryGrass,
Big + Deep Connected_2022-03-25_1,2022-03-25 13:16:00,47.398813,-121.890488,5,2,PSRE,ReedCanaryGrass,
Big + Deep Connected_2022-03-25_1,2022-03-25 13:17:00,47.39879,-121.89055,5,1,PSRE,ReedCanaryGrass,
Big + Deep Connected_2022-03-25_1,2022-03-25 13:17:00,47.39879,-121.890575,5,1,PSRE,ReedCanaryGrass,
Big + Deep Connected_2022-03-25_1,2022-03-25 13:18:00,47.398768,-121.890578,5,1,PSRE,ReedCanaryGrass,
Big + Deep Connected_2022-03-25_1,2022-03-25 13:19:00,47.398802,-121.890455,5,3,PSRE,ReedCanaryGrass,
Big + Deep Connected_2022-03-25_1,2022-03-25 13:19:00,47.398788,-121.890438,5,3,PSRE,ReedCanaryGrass,
Big + Deep Connected_2022-03-25_1,2022-03-25 13:20:00,47.398735,-121.890452,5,5,PSRE,ReedCanaryGrass,
Big + Deep Connected_2022-03-25_1,2022-03-25 13:21:00,47.398737,-121.89048,5,1,PSRE,ReedCanaryGrass,
Big + Deep Connected_2022-03-25_1,2022-03-25 13:21:00,47.398725,-121.89049,5,3,PSRE,ReedCanaryGrass,
Big + Deep Connected_2022-03-25_1,2022-03-25 13:22:00,47.398717,-121.890558,5,4,PSRE,Other vegetation,
Big + Deep Connected_2022-03-25_1,2022-03-25 13:22:00,47.398762,-121.890522,5,1,PSRE,ReedCanaryGrass,
Big + Deep Connected_2022-03-25_1,2022-03-25 13:24:00,47.398705,-121.890427,5,1,PSRE,ReedCanaryGrass,
Big + Deep Connected_2022-03-25_1,2022-03-25 13:25:00,47.3987,-121.890395,5,1,PSRE,ReedCanaryGrass,
Big + Deep Connected_2022-03-25_1,2022-03-25 13:26:00,47.398673,-121.890338,5,2,PSRE,ReedCanaryGrass,
Big + Deep Connected_2022-03-25_1,2022-03-25 13:26:00,47.398663,-121.89032,5,4,RAAU,Other vegetation,
Big + Deep Connected_2022-03-25_1,2022-03-25 13:28:00,47.398605,-121.89016,5,1,PSRE,ReedCanaryGrass,
Big + Deep Connected_2022-03-25_1,2022-03-25 13:28:00,47.398582,-121.890162,5,1,PSRE,ReedCanaryGrass,
Big + Deep Connected_2022-03-25_1,2022-03-25 13:32:00,47.398478,-121.890068,5,5,RAAU,Twig,Turbid green water poor lighting and viewing angle. Reasonably sure not AMGR
Big + Deep Connected_2022-03-25_1,2022-03-25 13:38:00,47.398233,-121.889632,5,1,RAAU,Other vegetation,
Big + Deep Connected_2022-03-25_1,2022-03-25 13:39:00,47.39829,-121.889565,5,1,PSRE,ReedCanaryGrass,
Big + Deep Connected_2022-03-25_1,2022-03-25 13:40:00,47.398292,-121.889562,5,1,RAAU,Other vegetation,
Big + Deep Connected_2022-03-25_1,2022-03-25 13:41:00,47.398233,-121.889472,5,2,RAAU,Other vegetation,
Big + Deep Connected_2022-03-25_1,2022-03-25 13:42:00,47.39821,-121.889328,5,1,PSRE,ReedCanaryGrass,
Big + Deep Connected_2022-03-25_1,2022-03-25 13:43:00,47.398222,-121.889307,5,1,RAAU,Other vegetation,
Big + Deep Connected_2022-03-25_1,2022-03-25 13:43:00,47.398222,-121.88926,5,1,RAAU,Other vegetation,
Big + Deep Connected_2022-03-25_1,2022-03-25 13:43:00,47.398238,-121.889237,5,1,PSRE,ReedCanaryGrass,
Big + Deep Connected_2022-03-25_1,2022-03-25 13:44:00,47.398228,-121.889232,5,1,RAAU,Other vegetation,
Big + Deep Connected_2022-03-25_1,2022-03-25 13:45:00,47.398232,-121.889147,5,1,PSRE,ReedCanaryGrass,
Big + Deep Connected_2022-03-25_1,2022-03-25 13:46:00,47.398183,-121.889102,5,5,RAAU,Other vegetation,
Big + Deep Connected_2022-03-25_1,2022-03-25 13:49:00,47.398067,-121.888988,5,1,AMGR,Other vegetation,
Big + Deep Connected_2022-03-25_1,2022-03-25 13:51:00,47.397977,-121.88901,5,5,RAAU,Other vegetation,
Big + Deep Connected_2022-03-25_1,2022-03-25 14:15:00,47.39783,-121.890585,5,1,PSRE,ReedCanaryGrass,
Big + Deep Connected_2022-03-25_1,2022-03-25 14:16:00,47.397845,-121.890588,5,1,PSRE,ReedCanaryGrass,
Big + Deep Connected_2022-03-25_1,2022-03-25 14:17:00,47.397862,-121.890577,5,1,PSRE,ReedCanaryGrass,
Big + Deep Connected_2022-03-25_1,2022-03-25 14:17:00,47.397842,-121.890635,5,1,RAAU,ReedCanaryGrass,
Big + Deep Connected_2022-03-25_1,2022-03-25 14:22:00,47.397602,-121.891418,5,1,PSRE,ReedCanaryGrass,
Big + Deep Connected_2022-03-25_1,2022-03-25 14:24:00,47.397618,-121.891662,5,1,PSRE,ReedCanaryGrass,
Big + Deep Connected_2022-03-25_1,2022-03-25 14:26:00,47.397753,-121.892018,5,1,PSRE,ReedCanaryGrass,
Big + Deep Connected_2022-03-25_1,2022-03-25 14:27:00,47.397723,-121.892045,5,1,PSRE,ReedCanaryGrass,
Big + Deep Connected_2022-03-25_1,2022-03-25 14:29:00,47.397865,-121.891917,5,3,RAAU,Other vegetation,
Big + Deep Connected_2022-03-25_1,2022-03-25 14:30:00,47.397812,-121.891937,5,1,RAAU,Other vegetation,
Big + Deep Connected_2022-03-25_1,2022-03-25 14:32:00,47.397747,-121.892283,5,1,PSRE,ReedCanaryGrass,
Big + Deep Connected_2022-03-25_1,2022-03-25 14:33:00,47.39773,-121.892257,5,2,PSRE,ReedCanaryGrass,
Big + Deep Connected_2022-03-25_1,2022-03-25 14:33:00,47.397742,-121.892272,5,1,PSRE,ReedCanaryGrass,
Big + Deep Connected_2022-03-25_1,2022-03-25 14:35:00,47.397818,-121.892548,5,1,RAAU,ReedCanaryGrass,
Big + Deep Connected_2022-03-25_1,2022-03-25 14:39:00,47.397832,-121.892953,5,1,PSRE,ReedCanaryGrass,
Big + Deep Connected_2022-03-25_1,2022-03-25 14:40:00,47.397845,-121.893073,5,1,RAAU,Other vegetation,
Big + Deep Connected_2022-03-25_1,2022-03-25 14:40:00,47.397772,-121.893092,5,1,PSRE,ReedCanaryGrass,
Big + Deep Connected_2022-03-25_1,2022-03-25 14:42:00,47.397803,-121.89301,5,1,AMGR,TreeBranch,
Big + Deep Connected_2022-03-25_1,2022-03-25 14:42:00,47.397815,-121.893012,5,1,RAAU,Other vegetation,
Big + Deep Connected_2022-03-25_1,2022-03-25 14:45:00,47.397645,-121.893585,5,1,PSRE,ReedCanaryGrass,
Small Lake_2022-03-25_1,2022-03-25 14:51:00,47.397178,-121.893295,5,1,PSRE,Other vegetation,
Small Lake_2022-03-25_1,2022-03-25 14:54:00,47.397123,-121.8933,5,2,RAAU,ReedCanaryGrass,
Small Lake_2022-03-25_1,2022-03-25 14:58:00,47.396623,-121.89303,5,1,AMGR,Twig,
Small Lake_2022-03-25_1,2022-03-25 15:05:00,47.396895,-121.89378,5,1,RAAU,Twig,
Big + Deep Connected_2022-03-25_1,2022-03-25 15:26:00,47.398415,-121.893715,10,3,PSRE,ReedCanaryGrass,
Big + Deep Connected_2022-03-25_1,2022-03-25 15:31:00,47.398547,-121.893695,10,1,PSRE,ReedCanaryGrass,
Big + Deep Connected_2022-03-25_1,2022-03-25 15:32:00,47.398547,-121.89365,10,2,PSRE,ReedCanaryGrass,
Big + Deep Connected_2022-03-25_1,2022-03-25 15:32:00,47.39858,-121.893593,10,3,PSRE,ReedCanaryGrass,
Big + Deep Connected_2022-03-25_1,2022-03-25 15:35:00,47.398545,-121.893258,10,2,PSRE,ReedCanaryGrass,
Blackberry Lake_2022-03-29_1,2022-03-29 13:25:00,47.397695,-121.886503,5,2,RAAU,Other vegetation,Very difficult survey
Blackberry Lake_2022-03-29_1,2022-03-29 13:59:00,47.397635,-121.887722,10,1,PSRE,Other vegetation,
Blackberry Lake_2022-03-29_1,2022-03-29 14:01:00,47.397737,-121.8878,10,1,PSRE,ReedCanaryGrass,
Big + Deep Connected_2022-03-31_1,2022-03-31 13:49:00,47.398529,-121.892941,10,4,RAAU,Other vegetation,
Big + Deep Connected_2022-03-31_1,2022-03-31 13:51:00,47.398367,-121.892451,10,5,RAAU,Other vegetation,
Big + Deep Connected_2022-03-31_1,2022-03-31 13:56:00,47.398376,-121.892722,5,5,RAAU,Other vegetation,
Big + Deep Connected_2022-03-31_1,2022-03-31 13:56:00,47.398309,-121.892757,10,1,RAAU,ReedCanaryGrass,
Big + Deep Connected_2022-03-31_1,2022-03-31 14:01:00,47.398883,-121.892203,30,2,AMGR,ReedCanaryGrass,
Big + Deep Connected_2022-03-31_1,2022-03-31 14:03:00,47.398332,-121.892224,10,2,RAAU,Other vegetation,
Big + Deep Connected_2022-03-31_1,2022-03-31 14:04:00,47.398658,-121.891961,10,2,RAAU,Other vegetation,
Big + Deep Connected_2022-03-31_1,2022-03-31 14:05:00,47.398536,-121.892068,10,5,RAAU,,
Big + Deep Connected_2022-03-31_1,2022-03-31 14:09:00,47.398227,-121.891228,10,9,RAAU,,
Big + Deep Connected_2022-03-31_1,2022-03-31 14:10:00,47.398284,-121.891319,10,1,RAAU,Other vegetation,
Big + Deep Connected_2022-03-31_1,2022-03-31 14:14:00,47.398638,-121.890911,10,8,RAAU,TreeBranch,
Big + Deep Connected_2022-03-31_1,2022-03-31 14:16:00,47.397852,-121.890908,10,4,RAAU,Other,
Big + Deep Connected_2022-03-31_1,2022-03-31 14:18:00,47.398028,-121.890939,10,27,RAAU,,
Big + Deep Connected_2022-03-31_1,2022-03-31 14:22:00,47.398379,-121.890809,30,38,RAAU,,
Big + Deep Connected_2022-03-31_1,2022-03-31 14:23:00,47.398382,-121.890612,10,25,RAAU,,
Big + Deep Connected_2022-03-31_1,2022-03-31 14:25:00,47.398417,-121.890411,10,7,RAAU,,
Big + Deep Connected_2022-03-31_1,2022-03-31 14:26:00,47.398756,-121.89084,10,4,RAAU,,
Big + Deep Connected_2022-03-31_1,2022-03-31 14:27:00,47.398696,-121.891075,5,5,RAAU,,
Big + Deep Connected_2022-03-31_1,2022-03-31 14:30:00,47.398995,-121.890618,10,5,RAAU,,
Big + Deep Connected_2022-03-31_1,2022-03-31 14:31:00,47.39879,-121.890582,30,1,RAAU,,
Big + Deep Connected_2022-03-31_1,2022-03-31 14:33:00,47.398749,-121.890246,10,10,RAAU,,
Big + Deep Connected_2022-03-31_1,2022-03-31 14:35:00,47.398519,-121.889932,10,8,RAAU,,
Big + Deep Connected_2022-03-31_1,2022-03-31 14:36:00,47.398576,-121.890006,5,4,RAAU,,
Big + Deep Connected_2022-03-31_1,2022-03-31 14:37:00,47.398365,-121.889927,10,15,RAAU,,
Big + Deep Connected_2022-03-31_1,2022-03-31 14:39:00,47.398398,-121.889732,10,4,RAAU,,
Big + Deep Connected_2022-03-31_1,2022-03-31 14:42:00,47.398023,-121.889522,10,21,RAAU,,
Big + Deep Connected_2022-03-31_1,2022-03-31 14:43:00,47.398069,-121.888956,10,10,RAAU,,
Big + Deep Connected_2022-03-31_1,2022-03-31 14:45:00,47.397946,-121.889004,30,11,RAAU,,
Big + Deep Connected_2022-03-31_1,2022-03-31 14:46:00,47.397938,-121.889028,10,8,RAAU,,
Big + Deep Connected_2022-03-31_1,2022-03-31 14:48:00,47.397496,-121.888728,30,8,RAAU,,
Big + Deep Connected_2022-03-31_1,2022-03-31 14:49:00,47.397782,-121.888577,10,3,RAAU,,
Big + Deep Connected_2022-03-31_1,2022-03-31 14:51:00,47.39779,-121.888869,10,3,RAAU,,
Big + Deep Connected_2022-03-31_1,2022-03-31 14:55:00,47.397267,-121.889876,10,1,RAAU,,
Big + Deep Connected_2022-03-31_1,2022-03-31 15:01:00,47.397846,-121.890419,10,1,RAAU,,
Big + Deep Connected_2022-03-31_1,2022-03-31 15:03:00,47.39773,-121.890747,10,10,RAAU,,
Big + Deep Connected_2022-03-31_1,2022-03-31 15:04:00,47.397971,-121.890808,10,9,RAAU,,
Big + Deep Connected_2022-03-31_1,2022-03-31 15:10:00,47.397562,-121.891487,10,2,RAAU,,
Big + Deep Connected_2022-03-31_1,2022-03-31 15:11:00,47.397676,-121.891417,10,1,RAAU,,
Big + Deep Connected_2022-03-31_1,2022-03-31 15:12:00,47.397687,-121.891788,10,2,RAAU,,
Big + Deep Connected_2022-03-31_1,2022-03-31 15:13:00,47.397519,-121.891805,10,2,RAAU,,
Big + Deep Connected_2022-03-31_1,2022-03-31 15:13:00,47.397612,-121.891826,5,1,RAAU,,
Big + Deep Connected_2022-03-31_1,2022-03-31 15:15:00,47.39771,-121.892345,10,4,RAAU,,
Big + Deep Connected_2022-03-31_1,2022-03-31 15:16:00,47.397734,-121.892119,10,5,RAAU,,
Big + Deep Connected_2022-03-31_1,2022-03-31 15:17:00,47.397416,-121.892489,30,5,RAAU,,
Big + Deep Connected_2022-03-31_1,2022-03-31 15:18:00,47.397913,-121.892592,30,2,RAAU,,
Big + Deep Connected_2022-03-31_1,2022-03-31 15:23:00,47.39787,-121.892941,10,2,RAAU,,
Big + Deep Connected_2022-03-31_1,2022-03-31 15:27:00,47.397743,-121.893178,5,2,RAAU,,
Big + Deep Connected_2022-03-31_1,2022-03-31 15:36:00,47.398091,-121.893799,10,2,RAAU,,
Big + Deep Connected_2022-04-01_1,2022-04-01 14:47:00,NA,NA,NA,381,RAAU,,Solo canoe survey. Had some moments of wind that prevented a good count in those areas. Others with stunning clarity. 1:04 long.
Big Lake_2023-03-21_1,2023-03-21 13:48:00,47.398302,-121.892941,10,1,RAAU,Other vegetation,
Big Lake_2023-03-21_1,2023-03-21 13:51:00,47.397988,-121.892544,10,3,RAAU,Twig,
Big Lake_2023-03-21_1,2023-03-21 13:51:00,47.398464,-121.892366,10,1,RAAU,TreeBranch,
Big Lake_2023-03-21_1,2023-03-21 13:52:00,47.398414,-121.892182,10,1,RAAU,Other vegetation,
Big Lake_2023-03-21_1,2023-03-21 13:52:00,47.398383,-121.892212,5,1,RAAU,Other vegetation,
Big Lake_2023-03-21_1,2023-03-21 13:56:00,47.398017,-121.892025,30,9,RAAU,Other vegetation,Grass but maybe not RCG
Big Lake_2023-03-21_1,2023-03-21 13:58:00,47.398242,-121.891488,10,1,RAAU,Other vegetation,
Big Lake_2023-03-21_1,2023-03-21 14:00:00,47.397795,-121.89132,10,2,RAAU,TreeBranch,
Big Lake_2023-03-21_1,2023-03-21 14:07:00,47.397798,-121.89219,10,1,RAAU,Twig,
Big Lake_2023-03-21_1,2023-03-21 14:16:00,47.397822,-121.893664,10,1,PSRE,Other vegetation,On a rush
Big Lake_2023-03-21_1,2023-03-21 14:17:00,47.397857,-121.893706,10,1,RAAU,Floating,
Big Lake_2023-03-21_1,2023-03-21 14:18:00,47.39777,-121.892631,10,1,PSRE,TreeBranch,
Deep Lake_2023-03-22_1,2023-03-22 13:05:00,47.397761,-121.890585,10,19,RAAU,TreeBranch,
Deep Lake_2023-03-22_1,2023-03-22 13:05:00,47.39779,-121.890531,10,4,RAAU,Twig,
Deep Lake_2023-03-22_1,2023-03-22 13:06:00,47.398068,-121.89076,10,1,RAAU,Other vegetation,
Deep Lake_2023-03-22_1,2023-03-22 13:07:00,47.398125,-121.890708,10,15,RAAU,Twig,
Deep Lake_2023-03-22_1,2023-03-22 13:08:00,47.398265,-121.890716,10,1,RAAU,Other vegetation,
Deep Lake_2023-03-22_1,2023-03-22 13:09:00,47.398326,-121.890688,10,1,RAAU,TreeBranch,
Deep Lake_2023-03-22_1,2023-03-22 13:09:00,47.398325,-121.890697,10,2,RAAU,Twig,
Deep Lake_2023-03-22_1,2023-03-22 13:10:00,47.398343,-121.890933,10,1,RAAU,Twig,
Deep Lake_2023-03-22_1,2023-03-22 13:12:00,47.398336,-121.890408,10,1,RAAU,Other vegetation,
Deep Lake_2023-03-22_1,2023-03-22 13:12:00,47.398605,-121.890795,10,1,RAAU,Floating,
Deep Lake_2023-03-22_1,2023-03-22 13:13:00,47.398567,-121.890725,5,2,RAAU,Other vegetation,
Deep Lake_2023-03-22_1,2023-03-22 13:14:00,47.398598,-121.890733,5,1,RAAU,Other vegetation,
Deep Lake_2023-03-22_1,2023-03-22 13:16:00,47.398822,-121.890621,10,10,RAAU,Twig,
Deep Lake_2023-03-22_1,2023-03-22 13:17:00,47.399017,-121.890822,30,3,RAAU,Other vegetation,
Deep Lake_2023-03-22_1,2023-03-22 13:20:00,47.398669,-121.890716,10,9,RAAU,Other vegetation,
Deep Lake_2023-03-22_1,2023-03-22 13:23:00,47.398583,-121.89071,30,8,RAAU,Other vegetation,
Deep Lake_2023-03-22_1,2023-03-22 13:23:00,47.398545,-121.891043,10,4,RAAU,Floating,
Deep Lake_2023-03-22_1,2023-03-22 13:24:00,47.398696,-121.890399,30,3,RAAU,Other vegetation,
Deep Lake_2023-03-22_1,2023-03-22 13:25:00,47.398917,-121.890228,30,4,RAAU,Other vegetation,
Deep Lake_2023-03-22_1,2023-03-22 13:26:00,47.398829,-121.890465,5,4,RAAU,Floating,
Deep Lake_2023-03-22_1,2023-03-22 13:26:00,47.398789,-121.89044,10,4,RAAU,Other vegetation,
Deep Lake_2023-03-22_1,2023-03-22 13:27:00,47.398681,-121.890228,10,1,RAAU,Other vegetation,
Deep Lake_2023-03-22_1,2023-03-22 13:28:00,47.398276,-121.8908,10,1,RAAU,Other vegetation,
Deep Lake_2023-03-22_1,2023-03-22 13:28:00,47.398395,-121.890298,10,1,RAAU,Twig,
Deep Lake_2023-03-22_1,2023-03-22 13:29:00,47.39841,-121.890157,10,6,RAAU,Other vegetation,
Deep Lake_2023-03-22_1,2023-03-22 13:29:00,47.398661,-121.890397,30,9,RAAU,Other vegetation,
Deep Lake_2023-03-22_1,2023-03-22 13:30:00,47.398718,-121.890239,30,2,RAAU,Other vegetation,
Deep Lake_2023-03-22_1,2023-03-22 13:30:00,47.398395,-121.8904,30,3,RAAU,Other vegetation,
Deep Lake_2023-03-22_1,2023-03-22 13:31:00,47.398345,-121.890143,10,2,RAAU,Other vegetation,
Deep Lake_2023-03-22_1,2023-03-22 13:32:00,47.398568,-121.889945,10,3,RAAU,Other vegetation,
Deep Lake_2023-03-22_1,2023-03-22 13:32:00,47.398352,-121.890201,30,2,RAAU,Twig,
Deep Lake_2023-03-22_1,2023-03-22 13:33:00,47.398638,-121.889867,30,6,RAAU,Twig,
Deep Lake_2023-03-22_1,2023-03-22 13:34:00,47.398102,-121.889773,10,1,RAAU,TreeBranch,
Deep Lake_2023-03-22_1,2023-03-22 13:34:00,47.398505,-121.889719,30,1,RAAU,Other vegetation,
Deep Lake_2023-03-22_1,2023-03-22 13:36:00,47.398832,-121.889604,10,2,RAAU,Other vegetation,
Deep Lake_2023-03-22_1,2023-03-22 13:36:00,47.398587,-121.889507,10,1,RAAU,Other vegetation,
Deep Lake_2023-03-22_1,2023-03-22 13:37:00,47.398406,-121.88946,10,1,RAAU,Other vegetation,
Deep Lake_2023-03-22_1,2023-03-22 13:37:00,47.398362,-121.889636,30,2,RAAU,Twig,
Deep Lake_2023-03-22_1,2023-03-22 13:38:00,47.398601,-121.889589,30,2,RAAU,Other vegetation,
Deep Lake_2023-03-22_1,2023-03-22 13:39:00,47.398511,-121.889221,30,3,RAAU,Twig,
Deep Lake_2023-03-22_1,2023-03-22 13:39:00,47.39836,-121.889564,30,3,RAAU,Other vegetation,
Deep Lake_2023-03-22_1,2023-03-22 13:39:00,47.398368,-121.889423,10,2,RAAU,Floating,
Deep Lake_2023-03-22_1,2023-03-22 13:40:00,47.398319,-121.889457,10,1,RAAU,Other vegetation,
Deep Lake_2023-03-22_1,2023-03-22 13:41:00,47.397785,-121.889527,10,12,RAAU,Twig,
Deep Lake_2023-03-22_1,2023-03-22 13:42:00,47.398598,-121.888778,30,3,RAAU,Other vegetation,
Deep Lake_2023-03-22_1,2023-03-22 13:43:00,47.398153,-121.888833,30,1,RAAU,Other vegetation,
Deep Lake_2023-03-22_1,2023-03-22 13:45:00,47.397589,-121.889706,10,1,RAAU,Lake Bottom,
Deep Lake_2023-03-22_1,2023-03-22 13:45:00,47.398035,-121.889406,30,2,RAAU,Twig,
Deep Lake_2023-03-22_1,2023-03-22 13:47:00,47.397485,-121.889906,30,1,PSRE,Other vegetation,
Deep Lake_2023-03-22_1,2023-03-22 13:48:00,47.397852,-121.889126,30,3,RAAU,Other vegetation,
Deep Lake_2023-03-22_1,2023-03-22 13:49:00,47.397733,-121.889285,10,8,RAAU,Twig,
Deep Lake_2023-03-22_1,2023-03-22 13:50:00,47.397553,-121.889383,10,1,RAAU,Twig,
Deep Lake_2023-03-22_1,2023-03-22 13:52:00,47.397562,-121.88966,30,2,RAAU,Other vegetation,
Deep Lake_2023-03-22_1,2023-03-22 13:59:00,47.397804,-121.890491,10,1,RAAU,Other vegetation,
Deep Lake_2023-03-22_1,2023-03-22 14:00:00,47.397923,-121.890529,5,1,RAAU,Floating,
Deep Lake_2023-03-22_1,2023-03-22 14:01:00,47.397952,-121.890731,10,8,RAAU,Twig,
Blackberry Lake_2023-03-22_1,2023-03-22 15:37:00,47.397508,-121.887227,30,4,RAAU,TreeBranch,
Blackberry Lake_2023-03-22_1,2023-03-22 15:38:00,47.398005,-121.887969,10,1,RAAU,Twig,
Blackberry Lake_2023-03-22_1,2023-03-22 15:40:00,47.398,-121.887373,10,11,RAAU,,
Blackberry Lake_2023-03-22_1,2023-03-22 15:40:00,47.397831,-121.887866,30,1,RAAU,Twig,
Blackberry Lake_2023-03-22_1,2023-03-22 15:41:00,47.397826,-121.887747,10,3,RAAU,Twig,
Blackberry Lake_2023-03-22_1,2023-03-22 15:42:00,47.397831,-121.887036,30,3,RAAU,Twig,
Blackberry Lake_2023-03-22_1,2023-03-22 15:43:00,47.397728,-121.887722,30,3,RAAU,Twig,
Blackberry Lake_2023-03-22_1,2023-03-22 15:43:00,47.397925,-121.887473,30,17,RAAU,Twig,
Blackberry Lake_2023-03-22_1,2023-03-22 15:44:00,47.397858,-121.887571,10,6,RAAU,Twig,
Blackberry Lake_2023-03-22_1,2023-03-22 15:46:00,47.398192,-121.886713,30,9,RAAU,Twig,
Blackberry Lake_2023-03-22_1,2023-03-22 15:47:00,47.397984,-121.88777,30,4,RAAU,Twig,
Blackberry Lake_2023-03-22_1,2023-03-22 15:48:00,47.39811,-121.886423,10,1,RAAU,Twig,
Blackberry Lake_2023-03-22_1,2023-03-22 15:48:00,47.397836,-121.886617,10,12,RAAU,Twig,
Blackberry Lake_2023-03-22_1,2023-03-22 15:50:00,47.397772,-121.886652,10,2,RAAU,Twig,
Blackberry Lake_2023-03-22_1,2023-03-22 15:53:00,47.397359,-121.886985,30,5,RAAU,Twig,
Blackberry Lake_2023-03-22_1,2023-03-22 15:54:00,47.397041,-121.886852,10,11,RAAU,Twig,
Blackberry Lake_2023-03-22_1,2023-03-22 15:55:00,47.397042,-121.886797,10,1,RAAU,Twig,
Blackberry Lake_2023-03-22_1,2023-03-22 15:57:00,47.397772,-121.886497,10,1,RAAU,Twig,
Blackberry Lake_2023-03-22_1,2023-03-22 15:57:00,47.397612,-121.886837,10,1,RAAU,Twig,
Blackberry Lake_2023-03-22_1,2023-03-22 15:58:00,47.397638,-121.887347,30,1,RAAU,Twig,
Blackberry Lake_2023-03-22_1,2023-03-22 16:00:00,47.397515,-121.88728,30,1,RAAU,Twig,
Small Lake_2023-03-27_1,2023-03-27 13:55:00,47.397077,-121.893519,10,1,RAAU,Twig,
Small Lake_2023-03-27_1,2023-03-27 13:55:00,47.397096,-121.893471,5,1,RAAU,Twig,
Small Lake_2023-03-27_1,2023-03-27 13:59:00,47.397116,-121.893755,10,4,RAAU,Other vegetation,
Small Lake_2023-03-27_1,2023-03-27 14:00:00,47.396988,-121.893547,5,4,RAAU,Twig,
Small Lake_2023-03-27_1,2023-03-27 14:00:00,47.396945,-121.893517,10,1,RAAU,Twig,
Small Lake_2023-03-27_1,2023-03-27 14:01:00,47.396836,-121.893549,10,1,RAAU,Other vegetation,
Small Lake_2023-03-27_1,2023-03-27 14:01:00,47.396831,-121.893492,10,1,RAAU,Other vegetation,
Small Lake_2023-03-27_1,2023-03-27 14:02:00,47.39686,-121.893395,5,1,RAAU,Twig,
Small Lake_2023-03-27_1,2023-03-27 14:03:00,47.396744,-121.89355,10,11,RAAU,Twig,
Small Lake_2023-03-27_1,2023-03-27 14:04:00,47.396645,-121.893357,10,2,RAAU,Twig,
Small Lake_2023-03-27_1,2023-03-27 14:05:00,47.39685,-121.893341,10,5,RAAU,TreeBranch,
Small Lake_2023-03-27_1,2023-03-27 14:08:00,47.397075,-121.892966,10,3,RAAU,Twig,
Small Lake_2023-03-27_1,2023-03-27 14:09:00,47.396813,-121.893243,10,3,RAAU,Twig,
Small Lake_2023-03-27_1,2023-03-27 14:16:00,47.397153,-121.89371,10,1,RAAU,Other vegetation,
Small Lake_2023-03-27_1,2023-03-27 14:18:00,47.397049,-121.893436,5,1,RAAU,Other vegetation,
Small Lake_2023-03-27_1,2023-03-27 14:18:00,47.397066,-121.893436,5,1,AMGR,Twig,
Small Lake_2023-03-27_1,2023-03-27 14:18:00,47.39709,-121.893556,10,1,RAAU,Other vegetation,
Small Lake_2023-03-27_1,2023-03-27 14:19:00,47.397165,-121.893399,10,2,RAAU,Other vegetation,
Wood Lake_2023-03-27_1,2023-03-27 15:10:00,47.397839,-121.885411,5,2,RAAU,Twig,
Wood Lake_2023-03-27_1,2023-03-27 15:11:00,47.397741,-121.885416,5,1,PSRE,Twig,
Wood Lake_2023-03-27_1,2023-03-27 15:11:00,47.397623,-121.885396,10,5,RAAU,Twig,
Wood Lake_2023-03-27_1,2023-03-27 15:12:00,47.397669,-121.885492,10,1,AMGR,TreeBranch,
Wood Lake_2023-03-27_1,2023-03-27 15:13:00,47.397569,-121.884865,10,12,RAAU,,
Wood Lake_2023-03-27_1,2023-03-27 15:14:00,47.397764,-121.885134,10,7,RAAU,Twig,
Wood Lake_2023-03-27_1,2023-03-27 15:15:00,47.397712,-121.885247,5,11,RAAU,Twig,
Wood Lake_2023-03-30_1,2023-03-30 13:07:00,47.397998,-121.885445,10,15,RAAU,,Twig and emergent
Wood Lake_2023-03-30_1,2023-03-30 13:09:00,47.397715,-121.885392,10,31,RAAU,Twig,
Wood Lake_2023-03-30_1,2023-03-30 13:09:00,47.397722,-121.885397,10,2,AMGR,Twig,
Wood Lake_2023-03-30_1,2023-03-30 13:11:00,47.39745,-121.885713,10,15,RAAU,Other,Salal on inverted log
Wood Lake_2023-03-30_1,2023-03-30 13:11:00,47.397485,-121.885737,10,5,AMGR,Other,Salal on inverted log
Wood Lake_2023-03-30_1,2023-03-30 13:13:00,47.397485,-121.885497,10,17,RAAU,Other,Mostly salal on inverted log  some twig
Wood Lake_2023-03-30_1,2023-03-30 13:14:00,47.397368,-121.885678,10,3,AMGR,Other,Salal on inverted log
Wood Lake_2023-03-30_1,2023-03-30 13:15:00,47.39729,-121.885908,10,3,AMGR,Twig,
Wood Lake_2023-03-30_1,2023-03-30 13:16:00,47.397082,-121.885877,10,9,RAAU,,2 emergent rest twigs
Wood Lake_2023-03-30_1,2023-03-30 13:17:00,47.397102,-121.885727,10,1,RAAU,Twig,
Wood Lake_2023-03-30_1,2023-03-30 13:17:00,47.397103,-121.885737,10,1,RAAU,Twig,
Wood Lake_2023-03-30_1,2023-03-30 13:19:00,47.397127,-121.88546,10,1,AMGR,Other,Log top
Wood Lake_2023-03-30_1,2023-03-30 13:19:00,47.397082,-121.885328,10,4,RAAU,Twig,
Wood Lake_2023-03-30_1,2023-03-30 13:20:00,47.397005,-121.885455,10,1,RAAU,Other vegetation,
Wood Lake_2023-03-30_1,2023-03-30 13:21:00,47.397052,-121.885237,10,7,RAAU,Twig,
Wood Lake_2023-03-30_1,2023-03-30 13:21:00,47.397072,-121.88513,10,1,RAAU,Twig,
Wood Lake_2023-03-30_1,2023-03-30 13:22:00,47.397053,-121.885102,10,9,RAAU,Twig,
Wood Lake_2023-03-30_1,2023-03-30 13:23:00,47.397032,-121.885155,10,1,RAAU,Twig,
Wood Lake_2023-03-30_1,2023-03-30 13:24:00,47.397038,-121.88513,10,2,RAAU,Twig,
Wood Lake_2023-03-30_1,2023-03-30 13:24:00,47.397097,-121.885092,10,10,RAAU,Twig,
Wood Lake_2023-03-30_1,2023-03-30 13:25:00,47.397148,-121.885055,10,4,AMGR,Twig,
Wood Lake_2023-03-30_1,2023-03-30 13:25:00,47.397042,-121.88503,10,2,RAAU,Twig,
Wood Lake_2023-03-30_1,2023-03-30 13:26:00,47.39702,-121.885018,10,5,AMGR,Twig,
Wood Lake_2023-03-30_1,2023-03-30 13:27:00,47.396982,-121.88503,10,3,AMGR,Twig,
Wood Lake_2023-03-30_1,2023-03-30 13:27:00,47.396968,-121.885042,10,1,RAAU,Twig,
Wood Lake_2023-03-30_1,2023-03-30 13:28:00,47.39694,-121.885105,10,2,AMGR,Twig,
Wood Lake_2023-03-30_1,2023-03-30 13:30:00,47.396868,-121.885113,10,3,RAAU,Twig,
Wood Lake_2023-03-30_1,2023-03-30 13:30:00,47.39689,-121.885093,10,1,AMGR,Twig,
Wood Lake_2023-03-30_1,2023-03-30 13:31:00,47.396822,-121.885195,10,3,RAAU,Twig,
Wood Lake_2023-03-30_1,2023-03-30 13:33:00,47.396745,-121.885317,5,2,RAAU,Twig,
Wood Lake_2023-03-30_1,2023-03-30 13:33:00,47.396747,-121.885317,5,1,RAAU,Twig,
Wood Lake_2023-03-30_1,2023-03-30 13:34:00,47.396705,-121.885333,5,4,AMGR,Twig,
Wood Lake_2023-03-30_1,2023-03-30 13:35:00,47.3967,-121.88531,5,4,RAAU,Twig,
Wood Lake_2023-03-30_1,2023-03-30 13:35:00,47.396725,-121.885332,5,2,RAAU,Twig,
Wood Lake_2023-03-30_1,2023-03-30 13:36:00,47.396715,-121.88534,5,1,AMGR,Twig,
Wood Lake_2023-03-30_1,2023-03-30 13:43:00,47.39674,-121.885727,5,1,RAAU,Twig,Surface debris on this side of the lake and shaded so a bit hard to see
Wood Lake_2023-03-30_1,2023-03-30 13:44:00,47.396742,-121.885688,10,1,RAAU,Twig,
Wood Lake_2023-03-30_1,2023-03-30 13:45:00,47.396867,-121.885872,5,2,AMGR,Twig,
Wood Lake_2023-03-30_1,2023-03-30 13:46:00,47.396897,-121.885847,10,3,AMGR,Twig,
Wood Lake_2023-03-30_1,2023-03-30 13:47:00,47.396955,-121.885832,5,1,RAAU,Twig,
Wood Lake_2023-03-30_1,2023-03-30 13:48:00,47.396953,-121.885812,5,1,AMGR,Twig,
Wood Lake_2023-03-30_1,2023-03-30 13:48:00,47.396928,-121.88583,5,1,AMGR,Twig,
Wood Lake_2023-03-30_1,2023-03-30 13:49:00,47.396917,-121.885835,5,1,AMGR,Twig,
Wood Lake_2023-03-30_1,2023-03-30 13:50:00,47.39699,-121.885908,5,19,AMGR,Twig,actually 19 egg masses
Wood Lake_2023-03-30_1,2023-03-30 13:55:00,47.397336,-121.886107,10,4,RAAU,Twig,
Wood Lake_2023-03-30_1,2023-03-30 13:56:00,47.397375,-121.885958,5,1,RAAU,Twig,
Wood Lake_2023-03-30_1,2023-03-30 13:57:00,47.397422,-121.885997,5,1,RAAU,Twig,
Wood Lake_2023-03-30_1,2023-03-30 13:57:00,47.397465,-121.886028,10,1,AMGR,Twig,
Wood Lake_2023-03-30_1,2023-03-30 13:58:00,47.397563,-121.886105,5,2,AMGR,Other,Log top
Wood Lake_2023-03-30_1,2023-03-30 14:02:00,47.397668,-121.886082,10,1,RAAU,Twig,
Wood Lake_2023-03-30_1,2023-03-30 14:03:00,47.397673,-121.886025,10,1,RAAU,Twig,Large leech swimming nearby
Wood Lake_2023-03-30_1,2023-03-30 14:04:00,47.397693,-121.886012,10,4,RAAU,Other vegetation,
Wood Lake_2023-03-30_1,2023-03-30 14:05:00,47.39767,-121.885698,10,2,RAAU,ReedCanaryGrass,Grass growing from submerged log
Wood Lake_2023-03-30_1,2023-03-30 14:06:00,47.397628,-121.885417,10,16,RAAU,Twig,
Wood Lake_2023-03-30_1,2023-03-30 14:07:00,47.397647,-121.885397,10,2,RAAU,Other vegetation,
Wood Lake_2023-03-30_1,2023-03-30 14:07:00,47.397736,-121.885582,10,4,RAAU,Twig,
Wood Lake_2023-03-30_1,2023-03-30 14:08:00,47.397665,-121.885285,10,4,RAAU,Twig,
Wood Lake_2023-03-30_1,2023-03-30 14:08:00,47.39766,-121.88527,10,1,RAAU,Other,
Wood Lake_2023-03-30_1,2023-03-30 14:09:00,47.397687,-121.885232,10,4,RAAU,Twig,
Wood Lake_2023-03-30_1,2023-03-30 14:09:00,47.397687,-121.885225,10,2,AMGR,Twig,
Big + Deep Connected_2021-03-19_1,2021-03-19 11:48:00,NA,NA,NA,1,RAAU,Twig,farther out
Big + Deep Connected_2021-03-19_1,2021-03-19 11:49:00,NA,NA,NA,3,RAAU,ReedCanaryGrass,
Big + Deep Connected_2021-03-19_1,2021-03-19 11:52:00,NA,NA,NA,4,RAAU,ReedCanaryGrass,
Big + Deep Connected_2021-03-19_1,2021-03-19 11:52:00,NA,NA,NA,4,RAAU,ReedCanaryGrass,
Big + Deep Connected_2021-03-19_1,2021-03-19 11:54:00,NA,NA,NA,1,AMGR,ReedCanaryGrass,
Big + Deep Connected_2021-03-19_1,2021-03-19 12:01:00,NA,NA,NA,1,RAAU,ReedCanaryGrass,
Big + Deep Connected_2021-03-19_1,2021-03-19 12:02:00,NA,NA,NA,1,RAAU,ReedCanaryGrass,photo
Big + Deep Connected_2021-03-19_1,2021-03-19 12:04:00,NA,NA,NA,1,RAAU,ReedCanaryGrass,
Big + Deep Connected_2021-03-19_1,2021-03-19 12:07:00,NA,NA,NA,1,RAAU,ReedCanaryGrass,
Big + Deep Connected_2021-03-19_1,2021-03-19 12:13:00,NA,NA,NA,27,RAAU,TreeBranch,photo
Big + Deep Connected_2021-03-19_1,2021-03-19 12:15:00,NA,NA,NA,1,RAAU,ReedCanaryGrass,
Big + Deep Connected_2021-03-19_1,2021-03-19 12:15:00,NA,NA,NA,6,RAAU,Twig,farther out
Big + Deep Connected_2021-03-19_1,2021-03-19 12:17:00,NA,NA,NA,2,RAAU,Twig,farther out
Big + Deep Connected_2021-03-19_1,2021-03-19 12:20:00,NA,NA,NA,3,RAAU,Twig,Hard to see
Big + Deep Connected_2021-03-19_1,2021-03-19 12:21:00,NA,NA,NA,3,RAAU,ReedCanaryGrass,
Big + Deep Connected_2021-03-19_1,2021-03-19 12:21:00,NA,NA,NA,1,AMGR,ReedCanaryGrass,
Big + Deep Connected_2021-03-19_1,2021-03-19 12:22:00,NA,NA,NA,2,RAAU,ReedCanaryGrass,photo
Big + Deep Connected_2021-03-19_1,2021-03-19 12:23:00,NA,NA,NA,4,RAAU,,photo
Big + Deep Connected_2021-03-19_1,2021-03-19 12:24:00,NA,NA,NA,1,RAAU,ReedCanaryGrass,
Big + Deep Connected_2021-03-19_1,2021-03-19 12:27:00,NA,NA,NA,1,AMGR,Twig,photo
Big + Deep Connected_2021-03-19_1,2021-03-19 12:30:00,NA,NA,NA,1,AMGR,ReedCanaryGrass,photo
Big + Deep Connected_2021-03-19_1,2021-03-19 12:34:00,NA,NA,NA,7,RAAU,ReedCanaryGrass,photo
Big + Deep Connected_2021-03-19_1,2021-03-19 12:36:00,NA,NA,NA,2,RAAU,ReedCanaryGrass,"deeper, photos"
Big + Deep Connected_2021-03-19_1,2021-03-19 12:37:00,NA,NA,NA,2,AMGR,ReedCanaryGrass,questionable. photos.
Big + Deep Connected_2021-03-19_1,2021-03-19 12:46:00,NA,NA,NA,2,RAAU,ReedCanaryGrass,photo
Big + Deep Connected_2021-03-19_1,2021-03-19 12:46:00,NA,NA,NA,1,RAAU,ReedCanaryGrass,photo
Big + Deep Connected_2021-03-19_1,2021-03-19 12:51:00,NA,NA,NA,1,RAAU,ReedCanaryGrass,photo
Big + Deep Connected_2021-03-19_1,2021-03-19 12:55:00,NA,NA,NA,1,RAAU,ReedCanaryGrass,photo
Big + Deep Connected_2021-03-19_1,2021-03-19 12:58:00,NA,NA,NA,1,RAAU,ReedCanaryGrass,photo
Big + Deep Connected_2021-03-19_1,2021-03-19 13:15:00,NA,NA,NA,1,PSRE,ReedCanaryGrass,photo
Big + Deep Connected_2021-03-19_1,2021-03-19 13:16:00,NA,NA,NA,3,AMGR,ReedCanaryGrass,photo
Big + Deep Connected_2021-03-19_1,2021-03-19 13:19:00,NA,NA,NA,1,RAAU,ReedCanaryGrass,photo
Big + Deep Connected_2021-03-19_1,2021-03-19 13:21:00,NA,NA,NA,1,RAAU,Twig,"deeper, photos"
Big + Deep Connected_2021-03-19_1,2021-03-19 13:24:00,NA,NA,NA,1,RAAU,ReedCanaryGrass,photo
Big + Deep Connected_2021-03-19_1,2021-03-19 13:38:00,NA,NA,NA,1,RAAU,TreeBranch,
Big + Deep Connected_2021-03-19_1,2021-03-19 13:50:00,NA,NA,NA,1,RAAU,ReedCanaryGrass,photo
Big + Deep Connected_2021-03-19_1,2021-03-19 13:50:00,NA,NA,NA,1,RAAU,Twig,deep
Big + Deep Connected_2021-03-19_1,2021-03-19 13:53:00,NA,NA,NA,1,RAAU,Twig,deep
Big + Deep Connected_2021-03-19_1,2021-03-19 13:55:00,NA,NA,NA,1,AMGR,ReedCanaryGrass,photo
Big + Deep Connected_2021-03-19_1,2021-03-19 13:56:00,NA,NA,NA,1,AMGR,ReedCanaryGrass,
Big + Deep Connected_2021-03-26_1,2021-03-26 12:43:00,47.39852,-121.893211,NA,1,RAAU,ReedCanaryGrass,
Big + Deep Connected_2021-03-26_1,2021-03-26 13:07:00,47.39834,-121.891647,NA,2,RAAU,Twig,
Big + Deep Connected_2021-03-26_1,2021-03-26 13:09:00,47.398293,-121.891556,NA,2,RAAU,ReedCanaryGrass,
Big + Deep Connected_2021-03-26_1,2021-03-26 13:11:00,47.39829,-121.891542,NA,3,RAAU,ReedCanaryGrass,
Big + Deep Connected_2021-03-26_1,2021-03-26 13:18:00,47.398193,-121.891207,NA,21,RAAU,TreeBranch,
Big + Deep Connected_2021-03-26_1,2021-03-26 13:20:00,47.398145,-121.891184,NA,4,RAAU,Twig,
Big + Deep Connected_2021-03-26_1,2021-03-26 13:21:00,47.398132,-121.891086,NA,5,RAAU,Twig,
Big + Deep Connected_2021-03-26_1,2021-03-26 13:23:00,47.398,-121.891004,NA,2,RAAU,Twig,
Big + Deep Connected_2021-03-26_1,2021-03-26 13:26:00,47.397993,-121.890904,NA,1,AMMA,Twig,
Big + Deep Connected_2021-03-26_1,2021-03-26 13:28:00,47.398192,-121.890824,NA,1,RAAU,ReedCanaryGrass,
Big + Deep Connected_2021-03-26_1,2021-03-26 13:29:00,47.398357,-121.890697,NA,1,RAAU,ReedCanaryGrass,
Big + Deep Connected_2021-03-26_1,2021-03-26 13:32:00,47.398743,-121.890781,NA,1,AMGR,Twig,
Big + Deep Connected_2021-03-26_1,2021-03-26 13:40:00,47.39878,-121.890682,NA,1,RAAU,ReedCanaryGrass,
Big + Deep Connected_2021-03-26_1,2021-03-26 13:56:00,47.39819,-121.889601,NA,1,RAAU,ReedCanaryGrass,
Big + Deep Connected_2021-03-26_1,2021-03-26 13:59:00,47.398168,-121.889546,NA,1,RAAU,ReedCanaryGrass,
Big + Deep Connected_2021-03-26_1,2021-03-26 14:22:00,47.397757,-121.890459,NA,1,RAAU,Twig,
Big + Deep Connected_2021-03-26_1,2021-03-26 14:23:00,47.397785,-121.890502,NA,2,RAAU,ReedCanaryGrass,
Big + Deep Connected_2021-03-26_1,2021-03-26 14:23:00,47.397785,-121.890502,NA,3,AMGR,ReedCanaryGrass,
Big + Deep Connected_2021-03-26_1,2021-03-26 14:25:00,47.397697,-121.890709,NA,2,AMMA,Twig,
Big + Deep Connected_2021-03-26_1,2021-03-26 14:26:00,47.397603,-121.890777,NA,1,RAAU,Twig,
Big + Deep Connected_2021-03-26_1,2021-03-26 14:31:00,47.397678,-121.891731,NA,1,RAAU,Twig,
Big + Deep Connected_2021-03-26_1,2021-03-26 14:48:00,47.398422,-121.893621,NA,1,RAAU,Twig,
Big + Deep Connected_2021-03-31_1,2021-03-31 12:01:00,47.398567,-121.893329,NA,5,PSRE,ReedCanaryGrass,"photo, not visible from shore"
Big + Deep Connected_2021-03-31_1,2021-03-31 12:12:00,47.398448,-121.893032,NA,1,PSRE,ReedCanaryGrass,not visible from shore
Big + Deep Connected_2021-03-31_1,2021-03-31 12:13:00,47.398442,-121.893024,NA,2,RAAU,ReedCanaryGrass,not visible from shore
Big + Deep Connected_2021-03-31_1,2021-03-31 12:14:00,47.398442,-121.893017,NA,1,RAAU,ReedCanaryGrass,not visible from shore
Big + Deep Connected_2021-03-31_1,2021-03-31 12:14:00,47.398442,-121.893017,NA,2,PSRE,ReedCanaryGrass,"photo, not visible from shore"
Big + Deep Connected_2021-03-31_1,2021-03-31 12:16:00,47.398437,-121.893004,NA,1,PSRE,ReedCanaryGrass,
Big + Deep Connected_2021-03-31_1,2021-03-31 12:16:00,47.398437,-121.893004,NA,1,PSRE,Twig,deep
Big + Deep Connected_2021-03-31_1,2021-03-31 12:16:00,47.398437,-121.893004,NA,1,RAAU,Twig,deep
Big + Deep Connected_2021-03-31_1,2021-03-31 12:18:00,47.398443,-121.892882,NA,1,PSRE,ReedCanaryGrass,not visible from shore
Big + Deep Connected_2021-03-31_1,2021-03-31 12:18:00,47.398443,-121.892882,NA,1,AMGR,ReedCanaryGrass,not visible from shore
Big + Deep Connected_2021-03-31_1,2021-03-31 12:20:00,47.398477,-121.892807,NA,4,PSRE,ReedCanaryGrass,not visible from shore
Big + Deep Connected_2021-03-31_1,2021-03-31 12:20:00,47.398477,-121.892807,NA,2,RAAU,Twig,deep
Big + Deep Connected_2021-03-31_1,2021-03-31 12:22:00,47.398477,-121.892796,NA,4,RAAU,Twig,deep
Big + Deep Connected_2021-03-31_1,2021-03-31 12:24:00,47.398495,-121.892714,NA,1,PSRE,ReedCanaryGrass,not visible from shore
Big + Deep Connected_2021-03-31_1,2021-03-31 12:26:00,47.398543,-121.892682,NA,1,PSRE,ReedCanaryGrass,photo
Big + Deep Connected_2021-03-31_1,2021-03-31 12:28:00,47.398567,-121.892671,NA,5,PSRE,ReedCanaryGrass,
Big + Deep Connected_2021-03-31_1,2021-03-31 12:30:00,47.398602,-121.892646,NA,1,PSRE,ReedCanaryGrass,
Big + Deep Connected_2021-03-31_1,2021-03-31 12:36:00,47.398805,-121.892437,NA,1,PSRE,ReedCanaryGrass,
Big + Deep Connected_2021-03-31_1,2021-03-31 12:37:00,47.398685,-121.892412,NA,5,PSRE,ReedCanaryGrass,not visible from shore
Big + Deep Connected_2021-03-31_1,2021-03-31 12:37:00,47.398685,-121.892412,NA,1,PSRE,Twig,not visible from shore
Big + Deep Connected_2021-03-31_1,2021-03-31 12:37:00,47.398685,-121.892412,NA,1,PSRE,ReedCanaryGrass,not visible from shore
Big + Deep Connected_2021-03-31_1,2021-03-31 12:39:00,47.398625,-121.892427,NA,1,AMGR,ReedCanaryGrass,
Big + Deep Connected_2021-03-31_1,2021-03-31 12:39:00,47.398625,-121.892427,NA,1,AMGR,ReedCanaryGrass,not visible from shore
Big + Deep Connected_2021-03-31_1,2021-03-31 12:41:00,47.398492,-121.892527,NA,3,RAAU,ReedCanaryGrass,deep
Big + Deep Connected_2021-03-31_1,2021-03-31 12:41:00,47.398492,-121.892527,NA,2,PSRE,ReedCanaryGrass,not visible from shore
Big + Deep Connected_2021-03-31_1,2021-03-31 12:42:00,47.398502,-121.892486,NA,1,PSRE,ReedCanaryGrass,
Big + Deep Connected_2021-03-31_1,2021-03-31 12:42:00,47.398502,-121.892486,NA,1,PSRE,Twig,
Big + Deep Connected_2021-03-31_1,2021-03-31 12:43:00,47.398492,-121.892476,NA,11,RAAU,Twig,deep
Big + Deep Connected_2021-03-31_1,2021-03-31 12:45:00,47.398427,-121.892319,NA,1,RAAU,ReedCanaryGrass,not visible from shore
Big + Deep Connected_2021-03-31_1,2021-03-31 12:46:00,47.39844,-121.892291,NA,2,RAAU,Twig,from shore
Big + Deep Connected_2021-03-31_1,2021-03-31 12:46:00,47.39844,-121.892291,NA,1,RAAU,ReedCanaryGrass,from shore
Big + Deep Connected_2021-03-31_1,2021-03-31 12:47:00,47.398458,-121.892262,NA,1,RAAU,ReedCanaryGrass,from shore
Big + Deep Connected_2021-03-31_1,2021-03-31 13:21:00,47.398488,-121.891979,NA,1,RAAU,Twig,
Big + Deep Connected_2021-03-31_1,2021-03-31 13:23:00,47.398358,-121.891756,NA,7,RAAU,Twig,
Big + Deep Connected_2021-03-31_1,2021-03-31 13:24:00,47.39834,-121.891666,NA,2,RAAU,Twig,deep
Big + Deep Connected_2021-03-31_1,2021-03-31 13:25:00,47.398347,-121.891596,NA,2,PSRE,ReedCanaryGrass,not visible from shore
Big + Deep Connected_2021-03-31_1,2021-03-31 13:26:00,47.398343,-121.891554,NA,1,PSRE,ReedCanaryGrass,from shore
Big + Deep Connected_2021-03-31_1,2021-03-31 13:26:00,47.398343,-121.891554,NA,1,RAAU,Twig,deep
Big + Deep Connected_2021-03-31_1,2021-03-31 13:27:00,47.398337,-121.891529,NA,2,RAAU,ReedCanaryGrass,not visible from shore
Big + Deep Connected_2021-03-31_1,2021-03-31 13:27:00,47.398337,-121.891529,NA,2,PSRE,ReedCanaryGrass,not visible from shore
Big + Deep Connected_2021-03-31_1,2021-03-31 13:28:00,47.398303,-121.891527,NA,2,RAAU,Twig,
Big + Deep Connected_2021-03-31_1,2021-03-31 13:29:00,47.398355,-121.891472,NA,1,AMMA,Twig,developing
Big + Deep Connected_2021-03-31_1,2021-03-31 13:30:00,47.398283,-121.891357,NA,2,RAAU,Twig,
Big + Deep Connected_2021-03-31_1,2021-03-31 13:31:00,47.398328,-121.891291,NA,1,RAAU,Twig,
Big + Deep Connected_2021-03-31_1,2021-03-31 13:33:00,47.398145,-121.891306,NA,35,RAAU,TreeBranch,
Big + Deep Connected_2021-03-31_1,2021-03-31 13:33:00,47.398145,-121.891306,NA,3,AMGR,TreeBranch,
Big + Deep Connected_2021-03-31_1,2021-03-31 13:33:00,47.398145,-121.891306,NA,1,AMMA,TreeBranch,
Big + Deep Connected_2021-03-31_1,2021-03-31 13:36:00,47.398123,-121.891259,NA,1,AMMA,Twig,developing
Big + Deep Connected_2021-03-31_1,2021-03-31 13:37:00,47.39812,-121.891162,NA,1,RAAU,ReedCanaryGrass,
Big + Deep Connected_2021-03-31_1,2021-03-31 13:37:00,47.39812,-121.891162,NA,11,RAAU,Twig,deep
Big + Deep Connected_2021-03-31_1,2021-03-31 13:37:00,47.39812,-121.891162,NA,2,AMGR,ReedCanaryGrass,not visible from shore
Big + Deep Connected_2021-03-31_1,2021-03-31 13:40:00,47.398023,-121.890999,NA,10,RAAU,Twig,deep
Big + Deep Connected_2021-03-31_1,2021-03-31 13:41:00,47.397957,-121.891146,NA,1,PSRE,ReedCanaryGrass,
Big + Deep Connected_2021-03-31_1,2021-03-31 13:41:00,47.397957,-121.891146,NA,2,RAAU,Twig,deep
Big + Deep Connected_2021-03-31_1,2021-03-31 13:41:00,47.397957,-121.891146,NA,1,AMGR,ReedCanaryGrass,not visible from shore
Big + Deep Connected_2021-03-31_1,2021-03-31 13:42:00,47.397837,-121.891062,NA,2,PSRE,ReedCanaryGrass,not visible from shore
Big + Deep Connected_2021-03-31_1,2021-03-31 13:43:00,47.39785,-121.890969,NA,5,RAAU,Twig,
Big + Deep Connected_2021-03-31_1,2021-03-31 13:44:00,47.3978,-121.890949,NA,3,RAAU,Twig,deep
Big + Deep Connected_2021-03-31_1,2021-03-31 13:44:00,47.3978,-121.890949,NA,3,RAAU,ReedCanaryGrass,
Big + Deep Connected_2021-03-31_1,2021-03-31 13:45:00,47.397895,-121.890797,NA,2,RAAU,Twig,deep
Big + Deep Connected_2021-03-31_1,2021-03-31 13:45:00,47.397895,-121.890797,NA,3,RAAU,Twig,deep
Big + Deep Connected_2021-03-31_1,2021-03-31 13:45:00,47.397895,-121.890797,NA,1,RAAU,Twig,deep
Big + Deep Connected_2021-03-31_1,2021-03-31 13:46:00,47.398,-121.890762,NA,1,RAAU,ReedCanaryGrass,
Big + Deep Connected_2021-03-31_1,2021-03-31 13:47:00,47.398133,-121.890776,NA,1,PSRE,ReedCanaryGrass,not visible from shore
Big + Deep Connected_2021-03-31_1,2021-03-31 13:48:00,47.398258,-121.890757,NA,1,AMMA,ReedCanaryGrass,"deep, developing"
Big + Deep Connected_2021-03-31_1,2021-03-31 13:48:00,47.398258,-121.890757,NA,3,RAAU,Twig,
Big + Deep Connected_2021-03-31_1,2021-03-31 13:48:00,47.398258,-121.890757,NA,1,RAAU,ReedCanaryGrass,
Big + Deep Connected_2021-03-31_1,2021-03-31 13:51:00,47.39828,-121.890689,NA,1,AMGR,ReedCanaryGrass,not visible from shore
Big + Deep Connected_2021-03-31_1,2021-03-31 13:51:00,47.39828,-121.890689,NA,2,PSRE,ReedCanaryGrass,not visible from shore
Big + Deep Connected_2021-03-31_1,2021-03-31 13:52:00,47.39829,-121.890691,NA,2,PSRE,ReedCanaryGrass,not visible from shore
Big + Deep Connected_2021-03-31_1,2021-03-31 13:52:00,47.39829,-121.890691,NA,1,RAAU,ReedCanaryGrass,
Big + Deep Connected_2021-03-31_1,2021-03-31 13:53:00,47.398323,-121.890714,NA,1,AMMA,ReedCanaryGrass,"developing, pic"
Big + Deep Connected_2021-03-31_1,2021-03-31 13:54:00,47.398402,-121.890682,NA,1,AMMA,ReedCanaryGrass,developing
Big + Deep Connected_2021-03-31_1,2021-03-31 13:56:00,47.398567,-121.890694,NA,1,PSRE,ReedCanaryGrass,
Big + Deep Connected_2021-03-31_1,2021-03-31 13:57:00,47.398575,-121.890756,NA,2,PSRE,ReedCanaryGrass,not visible from shore
Big + Deep Connected_2021-03-31_1,2021-03-31 13:58:00,47.398525,-121.890719,NA,2,RAAU,ReedCanaryGrass,
Big + Deep Connected_2021-03-31_1,2021-03-31 13:58:00,47.398525,-121.890719,NA,1,RAAU,ReedCanaryGrass,not visible from shore
Big + Deep Connected_2021-03-31_1,2021-03-31 13:59:00,47.398632,-121.890807,NA,1,AMGR,Twig,
Big + Deep Connected_2021-03-31_1,2021-03-31 13:59:00,47.398632,-121.890807,NA,1,RAAU,ReedCanaryGrass,not visible from shore
Big + Deep Connected_2021-03-31_1,2021-03-31 14:07:00,47.398927,-121.890979,NA,1,AMGR,ReedCanaryGrass,not visible from shore
Big + Deep Connected_2021-03-31_1,2021-03-31 14:08:00,47.398958,-121.890952,NA,1,RAAU,Twig,deep
Big + Deep Connected_2021-03-31_1,2021-03-31 14:09:00,47.398952,-121.890847,NA,1,AMGR,ReedCanaryGrass,not visible from shore
Big + Deep Connected_2021-03-31_1,2021-03-31 14:11:00,47.398975,-121.890822,NA,1,AMGR,log,pic
Big + Deep Connected_2021-03-31_1,2021-03-31 14:13:00,47.398928,-121.890657,NA,1,RAAU,TreeBranch,
Big + Deep Connected_2021-03-31_1,2021-03-31 14:13:00,47.398928,-121.890657,NA,1,AMMA,ReedCanaryGrass,"developing, not visible from shore"
Big + Deep Connected_2021-03-31_1,2021-03-31 14:14:00,47.398925,-121.890587,NA,1,RAAU,Twig,
Big + Deep Connected_2021-03-31_1,2021-03-31 14:15:00,47.39892,-121.890537,NA,1,PSRE,ReedCanaryGrass,
Big + Deep Connected_2021-03-31_1,2021-03-31 14:15:00,47.39892,-121.890537,NA,2,AMGR,ReedCanaryGrass,not visible from shore
Big + Deep Connected_2021-03-31_1,2021-03-31 14:15:00,47.39892,-121.890537,NA,1,AMGR,ReedCanaryGrass,not visible from shore
Big + Deep Connected_2021-03-31_1,2021-03-31 14:15:00,47.39892,-121.890537,NA,1,PSRE,ReedCanaryGrass,not visible from shore
Big + Deep Connected_2021-03-31_1,2021-03-31 14:17:00,47.398793,-121.890524,NA,2,AMGR,ReedCanaryGrass,not visible from shore
Big + Deep Connected_2021-03-31_1,2021-03-31 14:19:00,47.398693,-121.890419,NA,2,RAAU,ReedCanaryGrass,
Big + Deep Connected_2021-03-31_1,2021-03-31 14:19:00,47.398693,-121.890419,NA,1,PSRE,ReedCanaryGrass,
Big + Deep Connected_2021-03-31_1,2021-03-31 14:19:00,47.398693,-121.890419,NA,1,PSRE,ReedCanaryGrass,
Big + Deep Connected_2021-03-31_1,2021-03-31 14:20:00,47.39868,-121.890411,NA,1,RAAU,Twig,
Big + Deep Connected_2021-03-31_1,2021-03-31 14:20:00,47.39868,-121.890411,NA,1,AMGR,ReedCanaryGrass,not visible from shore
Big + Deep Connected_2021-03-31_1,2021-03-31 14:21:00,47.398625,-121.890399,NA,2,PSRE,ReedCanaryGrass,
Big + Deep Connected_2021-03-31_1,2021-03-31 14:22:00,47.398628,-121.890344,NA,2,AMGR,ReedCanaryGrass,not visible from shore
Big + Deep Connected_2021-03-31_1,2021-03-31 14:22:00,47.398628,-121.890344,NA,1,RAAU,Twig,deep
Big + Deep Connected_2021-03-31_1,2021-03-31 14:23:00,47.39863,-121.890267,NA,2,AMGR,ReedCanaryGrass,not visible from shore
Big + Deep Connected_2021-03-31_1,2021-03-31 14:24:00,47.398607,-121.890241,NA,2,RAAU,ReedCanaryGrass,
Big + Deep Connected_2021-03-31_1,2021-03-31 14:24:00,47.398607,-121.890241,NA,2,AMGR,ReedCanaryGrass,not visible from shore
Big + Deep Connected_2021-03-31_1,2021-03-31 14:25:00,47.398563,-121.890247,NA,1,AMGR,ReedCanaryGrass,
Big + Deep Connected_2021-03-31_1,2021-03-31 14:25:00,47.398563,-121.890247,NA,1,AMGR,TreeBranch,
Big + Deep Connected_2021-03-31_1,2021-03-31 14:27:00,47.398547,-121.890201,NA,1,PSRE,ReedCanaryGrass,
Big + Deep Connected_2021-03-31_1,2021-03-31 14:30:00,47.398548,-121.890109,NA,2,AMGR,TreeBranch,
Big + Deep Connected_2021-03-31_1,2021-03-31 14:30:00,47.398548,-121.890109,NA,1,RAAU,TreeBranch,
Big + Deep Connected_2021-03-31_1,2021-03-31 14:30:00,47.398548,-121.890109,NA,6,AMGR,TreeBranch,
Big + Deep Connected_2021-03-31_1,2021-03-31 14:30:00,47.398548,-121.890109,NA,2,PSRE,ReedCanaryGrass,
Big + Deep Connected_2021-03-31_1,2021-03-31 14:31:00,47.398467,-121.890041,NA,2,RAAU,ReedCanaryGrass,
Big + Deep Connected_2021-03-31_1,2021-03-31 14:31:00,47.398467,-121.890041,NA,1,PSRE,TreeBranch,
Big + Deep Connected_2021-03-31_1,2021-03-31 14:31:00,47.398467,-121.890041,NA,1,AMMA,TreeBranch,
Big + Deep Connected_2021-03-31_1,2021-03-31 14:34:00,47.39838,-121.890004,NA,3,AMMA,TreeBranch,pic
Big + Deep Connected_2021-03-31_1,2021-03-31 14:42:00,47.39845,-121.889607,NA,9,RAAU,Twig,
Big + Deep Connected_2021-03-31_1,2021-03-31 14:46:00,47.398347,-121.889569,NA,2,RAAU,Twig,
Big + Deep Connected_2021-03-31_1,2021-03-31 14:47:00,47.398317,-121.889536,NA,2,RAAU,ReedCanaryGrass,not visible from shore
Big + Deep Connected_2021-03-31_1,2021-03-31 14:47:00,47.398317,-121.889536,NA,1,AMMA,Twig,"developing, not visible from shore"
Big + Deep Connected_2021-03-31_1,2021-03-31 14:49:00,47.39824,-121.889432,NA,1,RAAU,ReedCanaryGrass,tadpoles
Big + Deep Connected_2021-03-31_1,2021-03-31 14:50:00,47.398258,-121.889399,NA,1,RAAU,ReedCanaryGrass,still eggs
Big + Deep Connected_2021-03-31_1,2021-03-31 14:51:00,47.398227,-121.889337,NA,1,RAAU,ReedCanaryGrass,still eggs
Big + Deep Connected_2021-03-31_1,2021-03-31 14:52:00,47.398195,-121.889284,NA,1,AMGR,ReedCanaryGrass,not visible from shore
Big + Deep Connected_2021-03-31_1,2021-03-31 14:52:00,47.398195,-121.889284,NA,5,AMMA,,"developing, pic, one still eggs"
Big + Deep Connected_2021-03-31_1,2021-03-31 14:54:00,47.398175,-121.889221,NA,3,AMGR,Twig,not visible from shore
Big + Deep Connected_2021-03-31_1,2021-03-31 14:54:00,47.398175,-121.889221,NA,1,PSRE,ReedCanaryGrass,not visible from shore
Big + Deep Connected_2021-03-31_1,2021-03-31 14:54:00,47.398175,-121.889221,NA,4,RAAU,ReedCanaryGrass,not visible from shore
Big + Deep Connected_2021-03-31_1,2021-03-31 14:56:00,47.398058,-121.889109,NA,1,RAAU,,"still eggs, not visible from shore"
Big + Deep Connected_2021-03-31_1,2021-03-31 14:56:00,47.398058,-121.889109,NA,1,PSRE,ReedCanaryGrass,not visible from shore
Big + Deep Connected_2021-03-31_1,2021-03-31 14:58:00,47.398005,-121.889107,NA,1,AMGR,ReedCanaryGrass,not visible from shore
Big + Deep Connected_2021-03-31_1,2021-03-31 14:58:00,47.398005,-121.889107,NA,1,PSRE,ReedCanaryGrass,
Big + Deep Connected_2021-03-31_1,2021-03-31 14:59:00,47.397977,-121.889071,NA,1,RAAU,ReedCanaryGrass,
Big + Deep Connected_2021-03-31_1,2021-03-31 15:02:00,47.397822,-121.889076,NA,2,PSRE,ReedCanaryGrass,not visible from shore
Big + Deep Connected_2021-03-31_1,2021-03-31 15:13:00,47.397442,-121.889259,NA,1,AMGR,Twig,lighting not in my favor on this side
Big + Deep Connected_2021-03-31_1,2021-03-31 15:23:00,47.397573,-121.890092,NA,1,RAAU,Twig,
Big + Deep Connected_2021-03-31_1,2021-03-31 15:46:00,47.397833,-121.890481,NA,2,RAAU,Twig,1 detached
Big + Deep Connected_2021-03-31_1,2021-03-31 15:46:00,47.397833,-121.890481,NA,8,AMGR,ReedCanaryGrass,not visible from shore
Big + Deep Connected_2021-03-31_1,2021-03-31 15:48:00,47.397988,-121.890596,NA,3,RAAU,ReedCanaryGrass,
Big + Deep Connected_2021-03-31_1,2021-03-31 15:48:00,47.397988,-121.890596,NA,2,AMGR,ReedCanaryGrass,
Big + Deep Connected_2021-03-31_1,2021-03-31 15:50:00,47.397848,-121.890766,NA,2,AMGR,Twig,not visible from shore
Big + Deep Connected_2021-03-31_1,2021-03-31 15:50:00,47.397848,-121.890766,NA,2,RAAU,Twig,not visible from shore
Big + Deep Connected_2021-03-31_1,2021-03-31 15:50:00,47.397848,-121.890766,NA,2,AMMA,Twig,not visible from shore
Big + Deep Connected_2021-03-31_1,2021-03-31 15:50:00,47.397848,-121.890766,NA,4,RAAU,Twig,
Big + Deep Connected_2021-03-31_1,2021-03-31 15:52:00,47.397748,-121.890817,NA,1,RAAU,Twig,
Big + Deep Connected_2021-03-31_1,2021-03-31 16:01:00,47.397753,-121.891614,NA,2,RAAU,ReedCanaryGrass,"developing, not visible from shore"
Big + Deep Connected_2021-03-31_1,2021-03-31 16:03:00,47.397837,-121.891701,NA,2,RAAU,ReedCanaryGrass,not visible from shore
Big + Deep Connected_2021-03-31_1,2021-03-31 16:03:00,47.397837,-121.891701,NA,1,PSRE,ReedCanaryGrass,not visible from shore
Big + Deep Connected_2021-03-31_1,2021-03-31 16:08:00,47.397773,-121.892136,NA,1,RAAU,Twig,
Big + Deep Connected_2021-03-31_1,2021-03-31 16:09:00,47.397757,-121.892319,NA,1,RAAU,ReedCanaryGrass,
Big + Deep Connected_2021-03-31_1,2021-03-31 16:10:00,47.397747,-121.892359,NA,1,RAAU,ReedCanaryGrass,
Big + Deep Connected_2021-03-31_1,2021-03-31 16:11:00,47.397765,-121.892446,NA,3,AMGR,Twig,
Big + Deep Connected_2021-03-31_1,2021-03-31 16:17:00,47.39782,-121.893076,NA,1,AMGR,log,
Big + Deep Connected_2021-03-31_1,2021-03-31 16:19:00,47.397688,-121.893554,NA,1,AMGR,log,
Big + Deep Connected_2021-03-31_1,2021-03-31 16:20:00,47.397758,-121.893624,NA,1,RAAU,ReedCanaryGrass,
Wood Lake_2021-04-06_1,2021-04-06 12:00:00,47.39769,-121.885284,NA,11,RAAU,TreeBranch,some hatched out
Wood Lake_2021-04-06_1,2021-04-06 12:00:00,47.39769,-121.885284,NA,5,AMGR,TreeBranch,
Wood Lake_2021-04-06_1,2021-04-06 12:01:00,47.397735,-121.885374,NA,1,AMGR,TreeBranch,
Wood Lake_2021-04-06_1,2021-04-06 12:03:00,47.397633,-121.885237,NA,2,RAAU,Twig,at bottom
Wood Lake_2021-04-06_1,2021-04-06 12:05:00,47.397537,-121.885296,NA,2,RAAU,Twig,
Wood Lake_2021-04-06_1,2021-04-06 12:07:00,47.397457,-121.885151,NA,3,RAAU,,
Wood Lake_2021-04-06_1,2021-04-06 12:16:00,47.397108,-121.885016,NA,2,RAAU,shrub,developing
Wood Lake_2021-04-06_1,2021-04-06 12:16:00,47.397108,-121.885016,NA,1,PSRE,shrub,
Wood Lake_2021-04-06_1,2021-04-06 12:25:00,47.396798,-121.884967,NA,1,AMGR,TreeBranch,
Wood Lake_2021-04-06_1,2021-04-06 12:29:00,47.396548,-121.885262,NA,2,AMGR,Twig,
Wood Lake_2021-04-06_1,2021-04-06 12:29:00,47.396548,-121.885262,NA,1,RAAU,Twig,
Wood Lake_2021-04-06_1,2021-04-06 12:31:00,47.396528,-121.885469,NA,1,RAAU,Twig,
Wood Lake_2021-04-06_1,2021-04-06 12:33:00,47.39652,-121.885637,NA,2,AMGR,Twig,horrible bushwhacking
Wood Lake_2021-04-06_1,2021-04-06 13:06:00,47.397168,-121.886464,NA,1,AMGR,Twig,having to spot from far away on shore
Wood Lake_2021-04-06_1,2021-04-06 13:08:00,47.397268,-121.886227,NA,1,AMGR,Twig,
Wood Lake_2021-04-06_1,2021-04-06 13:13:00,47.3975,-121.885801,NA,3,AMGR,Twig,
Wood Lake_2021-04-06_1,2021-04-06 13:13:00,47.3975,-121.885801,NA,1,RAAU,Twig,
Wood Lake_2021-04-06_1,2021-04-06 13:15:00,47.39756,-121.885661,NA,1,RAAU,Twig,
Wood Lake_2021-04-06_1,2021-04-06 13:15:00,47.39756,-121.885661,NA,1,AMGR,Twig,
Wood Lake_2021-04-06_1,2021-04-06 13:17:00,47.39767,-121.885527,NA,1,RAAU,Floating,
Wood Lake_2021-04-06_1,2021-04-06 13:20:00,47.39779,-121.885477,NA,2,RAAU,Twig,
Wood Lake_2021-04-06_1,2021-04-06 13:20:00,47.39779,-121.885477,NA,1,AMGR,Twig,
Wood Lake_2021-04-06_1,2021-04-06 13:21:00,47.397738,-121.885222,NA,4,RAAU,Twig,
Wood Lake_2021-04-06_1,2021-04-06 13:21:00,47.397738,-121.885222,NA,4,AMGR,TreeBranch,
Small Lake_2021-04-06_1,2021-04-06 14:37:00,47.397088,-121.893414,NA,1,PSRE,ReedCanaryGrass,
Small Lake_2021-04-06_1,2021-04-06 14:39:00,47.39702,-121.893269,NA,1,PSRE,ReedCanaryGrass,
Small Lake_2021-04-06_1,2021-04-06 14:40:00,47.39698,-121.893537,NA,2,PSRE,ReedCanaryGrass,
Small Lake_2021-04-06_1,2021-04-06 14:41:00,47.396837,-121.893489,NA,3,PSRE,ReedCanaryGrass,
Small Lake_2021-04-06_1,2021-04-06 14:44:00,47.39673,-121.893149,NA,1,AMGR,ReedCanaryGrass,
Small Lake_2021-04-06_1,2021-04-06 14:45:00,47.396793,-121.893026,NA,1,RAAU,ReedCanaryGrass,
Small Lake_2021-04-06_1,2021-04-06 14:46:00,47.396657,-121.893129,NA,11,RAAU,TreeBranch,
Small Lake_2021-04-06_1,2021-04-06 14:46:00,47.396657,-121.893129,NA,4,AMGR,TreeBranch,
Small Lake_2021-04-06_1,2021-04-06 14:47:00,47.396627,-121.893204,NA,1,AMGR,Twig,
Small Lake_2021-04-06_1,2021-04-06 14:48:00,47.39669,-121.893021,NA,1,RAAU,ReedCanaryGrass,
Small Lake_2021-04-06_1,2021-04-06 14:49:00,47.396683,-121.893142,NA,3,AMGR,TreeBranch,
Small Lake_2021-04-06_1,2021-04-06 14:51:00,47.396663,-121.893396,NA,1,AMGR,Twig,
Small Lake_2021-04-06_1,2021-04-06 14:54:00,47.396795,-121.893591,NA,1,RAAU,Twig,
Small Lake_2021-04-06_1,2021-04-06 14:57:00,47.396965,-121.893757,NA,1,AMGR,TreeBranch,
Small Lake_2021-04-06_1,2021-04-06 15:02:00,47.397213,-121.893649,NA,1,AMGR,TreeBranch,
